feature,coef_true,tau_placebo,selected
"""—colly",-0.0,0.0,False
"""—hood",-0.0,0.0,False
"""—shakespeare",-0.0,0.0,False
"""—story",-0.0,0.0,False
"""—whittier",-0.0,0.0,False
"""—young",-0.0,0.0,False
-,-0.0,0.09476183576070511,False
abe,-0.0,0.0,False
able,-0.18274491431923398,0.09096174649127722,True
abound,-0.0,0.0,False
abroad,-0.0,0.0,False
abrupt,0.0,0.0,False
abruptly,0.0,0.0,False
absholootly,0.0,0.0,False
absolutely,0.0,0.0,False
abstract,-0.0,0.0,False
academic,0.0,0.0,False
accidentally,-0.0,0.0,False
acclimated,0.0,0.0,False
accomplished,-0.0,0.0,False
accordingly,-0.0,0.0,False
accurate,-0.0,0.0,False
acquainted,0.0,0.0,False
acrobatic,-0.0,0.0,False
active,-0.0,0.07414304879521036,False
actual,-0.0,0.0,False
actually,-0.0,0.0,False
additional,0.0,0.0,False
adept,-0.0,0.0,False
adieu,-0.0,0.0,False
adjoining,-0.0,0.0,False
admirable,0.0,0.0,False
advance,-0.0,0.0,False
advanced,0.0,0.0,False
afar,-0.0,0.0,False
affable,-0.0,0.0,False
afraid,0.011464141766884475,0.09799533309847354,False
afterward,-0.0,0.0,False
agile,-0.0,0.0,False
ago,-0.0,0.0,False
agreeable,-0.0,0.0,False
agricultural,-0.0,0.08061071698931889,False
ahead,0.0,0.07485917598523502,False
aimless,0.0,0.0,False
alarmingly,-0.0,0.0,False
alchemy,-0.0,0.0,False
alike,0.0,0.0,False
alive,0.0,0.0,False
altogether,-0.0,0.0,False
amateur,-0.0,0.0,False
amazed,-0.0,0.0,False
ambitious,-0.12803899642937783,0.09189121453411184,True
american,-0.0,0.0,False
amiable,0.0,0.027724771261857958,False
ample,0.0,0.0,False
amusing,0.0,0.0,False
anaerobic,-0.0,0.0,False
anatomy,-0.0,0.0,False
ancient,0.0,0.0,False
angelic,-0.0,0.0,False
angry,0.0,0.0,False
angular,-0.0,0.0,False
annual,-0.0,0.0,False
antagonistic,0.0,0.0,False
anti,-0.0,0.0,False
anxious,-0.0,0.0,False
anytime,-0.0,0.0,False
apparent,-0.0,0.0,False
apparently,-0.0,0.0,False
applied,-0.0,0.0,False
appreciably,-0.0,0.0,False
appropriate,-0.0,0.0,False
approximately,-0.0,0.0,False
apt,-0.0,0.0,False
ardent,0.0,0.0,False
argufier,-0.0,0.0,False
argumentative,-0.0,0.0,False
aristocratic,-0.0,0.0,False
artificially,-0.0,0.0,False
artistic,-0.0,0.0,False
ashamed,0.0,0.0,False
aside,0.0,0.0,False
asleep,-0.0,0.0,False
ass't,-0.0,0.0,False
assistant,-0.0,0.0,False
assorted,-0.0,0.0,False
assuredly,-0.0,0.0,False
astir,-0.0,0.0,False
astronomical,-0.0,0.0,False
asunder,-0.0,0.0,False
athletic,-0.06846025579485687,0.08367323035802948,False
athletically,-0.0,0.0,False
atmospheric,-0.0,0.0,False
attendant,-0.0,0.0,False
attractive,0.0,0.0,False
augustly,-0.0,0.0,False
authoritative,-0.0,0.0,False
automatic,-0.0,0.0,False
available,-0.0,0.0,False
"avails,—not",-0.0,0.0,False
average,-0.0,0.0,False
averse,-0.0,0.0,False
awake,0.0,0.0,False
aware,-0.0,0.0,False
away,-0.0714554905004125,0.09719000031601599,False
awful,-0.0,0.054291039014808744,False
awfully,-0.0,0.0,False
awkward,0.0,0.0,False
aye,-0.0,0.0,False
backward,-0.0,0.0,False
backwards,0.0,0.0,False
bad,-0.054062017322634666,0.09662198161232662,False
badly,-0.0,0.0,False
balanced,-0.0,0.0,False
bald,-0.0,0.0,False
bankrupt,-0.0,0.0,False
barely,-0.0,0.0,False
bashful,-0.0,0.071794837453188,False
beautiful,-0.0,0.08294792532410727,False
beautifully,0.0,0.0,False
bee,0.0,0.0,False
behold,-0.0,0.0,False
beiny,-0.0,0.0,False
beloved,0.0,0.0,False
bended,-0.0,0.0,False
benign,0.0,0.0,False
bent,-0.0,0.0,False
best,-0.0,0.07466686597373567,False
better,-0.07244824538560377,0.07701957941029143,False
bibble,0.0,0.0,False
big,-0.029055148897501323,0.07057928627074925,False
bigger,-0.0,0.0,False
biggest,0.0,0.0,False
billy,0.0,0.0,False
black,-0.0,0.0742389029499668,False
blackest,0.0,0.0,False
bland,-0.0,0.0,False
blank,-0.0,0.0,False
blest,0.0,0.0,False
blind,-0.0,0.0,False
bliss,0.0,0.0,False
blissful,0.0,0.0,False
bloated,-0.0,0.0,False
blond,0.0,0.0,False
blonde,-0.0,0.0,False
bloodless,-0.0,0.0,False
bloodthirsty,-0.0,0.0,False
bloody,0.0,0.0,False
blue,-0.0,0.08229484738579344,False
blunt,0.0,0.0,False
blythe,0.0,0.0,False
bo,-0.0,0.0,False
boardy,-0.0,0.0,False
bodily,-0.0,0.0,False
boisterous,-0.0,0.0,False
bold,-0.0,0.05435407740609689,False
boldly,-0.0,0.0,False
bonny,0.0,0.0,False
botanical,-0.0,0.0,False
bottomless,-0.0,0.0,False
bounteous,0.0,0.0,False
boyish,-0.0,0.0,False
brainy,-0.0,0.0,False
brave,0.0,0.0,False
bravely,-0.0,0.0,False
bravest,-0.0,0.0,False
bright,-0.07235661482228152,0.09221682954492613,False
brighter,-0.0,0.0,False
brilliant,-0.0,0.09361631844033932,False
brisk,-0.0,0.0,False
british,-0.0,0.0,False
broad,-0.0,0.08270891130986902,False
broader,-0.0,0.0,False
broken,0.0,0.0,False
brown,0.053381317838826596,0.08407115118608391,False
bucketful,0.0,0.0,False
bulky,-0.0,0.0,False
burly,-0.0,0.0,False
busiest,0.0,0.0,False
businesslike,-0.0,0.0,False
busy,-0.14655807381407168,0.08910225863891053,True
butch,-0.0,0.0,False
buzzo,-0.0,0.0,False
bygone,-0.0,0.0,False
cacti,-0.0,0.0,False
cadaverous,-0.0,0.0,False
calm,-0.0,0.061574368628485726,False
campaniole,-0.0,0.0,False
canny,0.0,0.0,False
canst,-0.0,0.0,False
capable,-0.0,0.0947114830368247,False
capricious,-0.0,0.0,False
carefree,-0.0,0.0,False
careful,-0.0,0.0248186057013673,False
careless,-0.0,0.0,False
carv-,-0.0,0.0,False
castilian,-0.0,0.0,False
cecile,0.0,0.0,False
celestial,-0.0,0.0,False
cellulo,-0.0,0.0,False
centigrade,-0.0,0.0,False
central,0.0,0.0,False
certain,0.0,0.06475532233798387,False
certainly,0.0,0.06416711998673098,False
changeable,-0.0,0.0,False
characteristic,-0.02762278127447637,0.08442266805250152,False
charming,-0.0,0.0,False
cheaper,0.0,0.0,False
cheaply,-0.0,0.0,False
cheeked,0.0,0.0,False
cheerful,0.0,0.09284935344987608,False
cheerfully,-0.0,0.0,False
cheerily,-0.0,0.0,False
cheery,-0.0,0.0,False
chem,-0.0,0.0,False
chemically,-0.0,0.0,False
chi,-0.0,0.0,False
chief,-0.0,0.09072412385689706,False
childish,-0.0,0.0,False
childlike,-0.0,0.0,False
chinese,0.0,0.0,False
chivalrous,-0.0,0.0,False
chronic,-0.0,0.0,False
cigar,0.0,0.0,False
civil,-0.057282125658268575,0.06142307785546889,False
civilized,-0.0,0.0,False
classic,-0.0,0.0,False
classical,-0.0,0.0,False
clean,-0.0,0.02793105337071608,False
clear,-0.0,0.08642075760694146,False
clearly,0.0,0.0,False
clerical,0.0,0.0,False
clever,0.0,0.09115701217218278,False
close,-0.12309853733221371,0.09280625106640789,True
closed,-0.0,0.0,False
closely,-0.0,0.0,False
closer,0.0,0.0,False
closest,-0.0,0.0,False
clumsy,0.0,0.0,False
coarse,-0.0,0.0,False
cold,-0.0,0.0,False
colonial,-0.0,0.0,False
comely,-0.0,0.0,False
comest,-0.0,0.0,False
cometh,-0.0,0.0,False
comfortable,0.0,0.0,False
comfortably,-0.0,0.0,False
commanding,-0.0,0.0,False
commercial,0.0,0.0,False
commercially,-0.0,0.0,False
commissary,-0.0,0.0,False
common,0.01607281282542261,0.0776460572582047,False
commonly,0.0,0.0,False
companionable,0.0,0.0,False
competent,0.0,0.0,False
complacent,-0.0,0.0,False
complete,0.0,0.0,False
completely,-0.0,0.0,False
complimentary,-0.0,0.0,False
concrete,0.0,0.0,False
confident,-0.0,0.0,False
confidential,-0.0,0.0,False
confidentially,-0.0,0.0,False
confirmed,0.0,0.0,False
congenial,0.0,0.0,False
conscientious,0.0,0.10147379686141648,False
consequently,0.0,0.0,False
conservative,-0.0,0.0,False
considerable,-0.0,0.025420161539750775,False
considerate,0.0,0.0,False
consistent,-0.0,0.09338871191896399,False
consolidated,-0.0,0.0,False
conspicuous,0.0,0.0,False
constant,0.0,0.055369499533284565,False
constantly,0.0,0.0,False
constitutionally,-0.0,0.0,False
contagious,0.0,0.0,False
content,-0.0,0.0,False
contented,0.0,0.0,False
continual,-0.0,0.0,False
continually,0.0,0.03048996992914455,False
continued,-0.0,0.0,False
continuous,0.0,0.0,False
continuously,0.0,0.0,False
contrary,-0.0,0.0,False
conversational,0.0,0.0,False
cool,-0.0,0.0,False
copiously,0.0,0.0,False
cordial,-0.0,0.0,False
cornered,-0.0,0.0,False
correct,0.0,0.0,False
correctly,0.0,0.0,False
correspondingly,-0.0,0.0,False
corrugated,-0.0,0.0,False
cosmopolitan,-0.0,0.0,False
couldn't,-0.0,0.0,False
countless,-0.0,0.0,False
country,0.0,0.0,False
courteous,-0.0,0.0,False
crafty,-0.0,0.0,False
cranial,-0.0,0.0,False
crazy,0.0,0.0,False
creditable,-0.0,0.0,False
crimson,-0.0,0.0,False
cross,0.0,0.0,False
cummy,-0.0,0.0,False
curious,-0.0,0.0,False
curly,-0.003251462703647508,0.09242088293319688,False
current,-0.0,0.0,False
currently,-0.0,0.0,False
cuss,0.0,0.0,False
cute,0.0,0.0,False
cuter,-0.0,0.0,False
daily,0.0,0.0736849997734643,False
dakota,-0.0,0.0,False
damon,0.0,0.0,False
damp,0.0,0.0,False
dandiest,-0.0,0.0,False
dandy,0.0,0.0,False
dangerous,-0.0,0.0,False
dangerously,-0.0,0.0,False
dapper,-0.0,0.0,False
dark,-0.0,0.0841857354556858,False
darn,0.0,0.0,False
dauntless,-0.0,0.0,False
davvy,-0.0,0.0,False
dead,-0.0,0.0,False
dear,-0.0,0.0,False
dearer,-0.0,0.0,False
deceiving,0.0,0.0,False
decent,-0.0,0.0,False
decidedly,-0.0,0.0,False
decorous,-0.0,0.0,False
deep,-0.04136405483241289,0.10184479624328815,False
deeper,-0.0,0.0,False
deepest,-0.0,0.0,False
deeply,-0.0,0.0,False
defensive,0.0,0.0,False
defiant,-0.0,0.0,False
deficient,-0.0,0.0,False
definite,0.0,0.0,False
definitely,-0.0,0.0,False
delectable,0.0,0.0,False
deliberate,-0.0,0.0,False
delicate,0.0,0.0,False
delightful,0.0,0.0,False
delightfully,-0.0,0.0,False
democratic,-0.0,0.0,False
dependable,-0.0,0.0929335056631419,False
depot,-0.0,0.0,False
descript,-0.0,0.0,False
descriptive,-0.0,0.0,False
desirable,0.0,0.0,False
desirous,-0.0,0.0,False
desolate,-0.0,0.0,False
desperate,0.0,0.0,False
despicable,-0.0,0.0,False
determined,-0.0,0.003141223492670878,False
deutsch,-0.0,0.0,False
deutscher,-0.0,0.0,False
deutschland,-0.0,0.0,False
devil,-0.0,0.0,False
devine,0.0,0.0,False
devoted,-0.0,0.0,False
didst,-0.0,0.0,False
different,-0.0,0.0032123904518385213,False
difficult,-0.0,0.0,False
dignified,0.0,0.023200221962828945,False
diligent,0.0,0.0,False
diligently,0.0,0.0,False
dim,-0.0,0.0,False
diminutive,-0.0,0.0,False
dimple,0.0,0.0,False
dimpled,-0.0,0.0,False
dinsmore,-0.0,0.0,False
diplomatic,0.0,0.0,False
dire,0.0,0.0,False
direct,-0.0,0.0,False
directly,-0.0,0.0,False
disastrously,-0.0,0.0,False
discordant,-0.0,0.0,False
discouraged,0.0,0.0,False
discreet,-0.0,0.0,False
discreetest,-0.0,0.0,False
discriminating,-0.0,0.0,False
disinclined,-0.0,0.0,False
disposed,-0.0,0.0,False
distant,-0.0,0.0,False
distinctive,0.0,0.0,False
distinctively,-0.0,0.0,False
distinctly,-0.0,0.0,False
distinguished,-0.0,0.0,False
distressed,0.0,0.0,False
divided,0.0,0.0,False
divine,0.0,0.0,False
divinely,0.0,0.0,False
diz,0.0,0.0,False
dizzy,-0.0,0.0,False
docile,-0.0,0.0,False
doesn't,0.0,0.0,False
dolly,0.0,0.0,False
domestic,-0.0,0.026928288741683865,False
domineering,-0.0,0.0,False
dorn,-0.0,0.0,False
double,-0.0,0.0,False
doubly,0.0,0.0,False
doubt,-0.09700210998549837,0.07991525025524002,True
doubtful,-0.0,0.0,False
doubtless,-0.0,0.0,False
downhearted,-0.0,0.0,False
drawly,-0.0,0.0,False
dray,-0.0,0.0,False
dreadfully,-0.0,0.0,False
dreamy,0.0,0.0,False
dreary,0.0,0.0,False
dry,0.08954887581028186,0.024832343506813688,True
dual,-0.0,0.0,False
dull,-0.0,0.0,False
dumb,0.0,0.0,False
dummy,-0.0,0.0,False
dutch,-0.0,0.06038879038323599,False
e.g.,-0.0,0.0,False
earlier,-0.0,0.0,False
early,-0.10508156888392295,0.09586191047053876,True
earnest,-0.016326747748498346,0.09588464228152667,False
earnestly,-0.0,0.0,False
earthly,0.0,0.0,False
easiest,-0.0,0.0,False
easily,-0.026756931753418162,0.09772745219646846,False
east,0.0,0.0,False
eastern,-0.0,0.0,False
easy,0.0,0.09175890343590083,False
easygoing,-0.0,0.0,False
eccentric,-0.0,0.0,False
ecclesiastical,-0.0,0.0,False
ed,-0.0,0.0,False
eddie,-0.0,0.0,False
educational,0.0,0.0,False
effective,-0.0,0.0,False
efficient,0.0,0.030098393960824046,False
efficiently,-0.0,0.0,False
elastic,0.0,0.0,False
elderly,-0.0,0.0,False
electric,-0.0,0.0,False
electrical,-0.0,0.07261699961110828,False
eligible,-0.0,0.0,False
eloquent,0.0,0.0,False
elsie,0.0,0.0,False
elusive,-0.0,0.0,False
embarrassed,0.0,0.0,False
embryonic,-0.0,0.0,False
eminent,-0.0,0.0,False
emphatic,-0.0,0.0,False
emphatically,-0.0,0.0,False
empirical,-0.0,0.0,False
endurable,0.0,0.0,False
energetic,-0.07652843528181105,0.08068283516652545,False
engaged,0.0,0.0,False
english,-0.055417548723809315,0.09616285246292627,False
enormous,-0.0,0.0,False
enthusiastic,0.0,0.09480869330068907,False
entire,-0.0,0.0,False
entirely,-0.0,0.0,False
enviable,-0.0,0.0,False
equal,-0.0,0.08943595569989186,False
equally,-0.0,0.02555623228093146,False
erratic,-0.0,0.0,False
especial,-0.0,0.0,False
especially,0.021135874470212198,0.09340901660627449,False
essay,-0.0,0.0,False
eternal,-0.0,0.0,False
evenly,-0.0,0.0,False
eventful,-0.0,0.0,False
everlasting,-0.0,0.0,False
evermore,-0.0,0.0,False
everyday,0.0,0.0,False
evident,-0.0,0.0,False
evidently,-0.017780829361665276,0.0821342827409413,False
evil,0.0,0.0,False
exact,-0.0,0.0,False
exactly,-0.0,0.0,False
exalted,-0.0,0.0,False
exceedingly,-0.0,0.0,False
excellent,-0.0,0.09620070606771929,False
excellently,-0.0,0.0,False
exceptional,-0.0,0.0,False
exceptionally,0.0,0.0,False
excess,-0.0,0.0,False
excessive,-0.0,0.0,False
excessively,-0.0,0.0,False
excitable,-0.0,0.0,False
excited,-0.0,0.0,False
exciting,-0.0,0.0,False
excusable,-0.0,0.0,False
exemplary,-0.0,0.0,False
exhausting,-0.0,0.0,False
experienced,0.0,0.0,False
experimental,-0.0,0.0,False
expound,0.0,0.0,False
expressive,-0.0,0.0,False
extemporaneous,-0.0,0.0,False
extended,-0.0,0.0,False
extensive,-0.0,0.0,False
extensively,-0.0,0.0,False
extra,-0.0,0.024915022441918795,False
extraordinary,0.0,0.0,False
extreme,-0.0,0.0,False
extremely,-0.0,0.0027016796002609193,False
eyed,0.0,0.07757454811318973,False
faced,-0.0,0.0,False
facial,0.0,0.0,False
facile,-0.0,0.0,False
fair,-0.0,0.09062510422539057,False
fairer,0.0,0.0,False
fairest,-0.0,0.0,False
fairly,-0.0,0.0,False
faithful,-0.08278250278600345,0.0820108098183369,True
faithfully,-0.0,0.0,False
false,-0.0,0.0,False
familiar,-0.0,0.0,False
familiarly,-0.0,0.0,False
famous,0.0,0.09517735134157188,False
fancier,-0.0,0.0,False
fancy,-0.0,0.0,False
far,-0.07972013089259085,0.0944257572811168,False
faraway,-0.0,0.0,False
farny,-0.0,0.0,False
farthest,-0.0,0.0,False
fashioned,0.0,0.0,False
fast,-0.03283481690219932,0.09357172188823766,False
faster,-0.0,0.0,False
fat,-0.0,0.0003447056758586988,False
fatal,0.0,0.0,False
fate,-0.0,0.0,False
fatherly,-0.0,0.0,False
favorite,0.0,0.09737597826973464,False
fearfully,0.0,0.0,False
fearless,-0.0,0.0,False
federal,0.0,0.0,False
fellow,0.0,0.0,False
feminine,0.0,0.028802802335693267,False
fewer,0.0,0.0,False
fewest,-0.0,0.0,False
fickle,-0.0,0.0,False
fierce,-0.0,0.0,False
fiercely,-0.0,0.0,False
fiercest,-0.0,0.0,False
fifth,0.0,0.0,False
final,-0.0,0.0,False
finally,0.0,0.0,False
financial,-0.0,0.0,False
fine,-0.0,0.09821269709547994,False
finished,-0.0,0.0,False
firm,-0.0,0.073912088426237,False
firmly,0.0,0.0,False
fistic,-0.0,0.0,False
fit,-0.0,0.0,False
fitly,-0.0,0.0,False
flagged,-0.0,0.0,False
flat,0.0,0.0,False
flattering,-0.0,0.0,False
fleeting,0.0,0.0,False
flexible,-0.0,0.0,False
flicker,0.0,0.0,False
flighty,-0.0,0.0,False
floss,0.0,0.0,False
"flowers—""fernlike",0.0,0.0,False
fluent,-0.0,0.0,False
fluently,-0.0,0.0,False
fluffy,-0.0,0.0,False
fond,0.0,0.09624487237895431,False
foolish,-0.0,0.0,False
footed,-0.0,0.0,False
foreign,-0.0,0.0,False
forensic,-0.0,0.0,False
forever,-0.0,0.0,False
forth,-0.0,0.0016267555107955238,False
fortunate,-0.0,0.0,False
forward,0.0,0.07727893996217605,False
forwards,0.0,0.0,False
foster,-0.0,0.0,False
fourth,-0.0,0.0,False
foxy,-0.0,0.0,False
freckled,-0.0,0.0,False
fred,-0.0,0.0,False
free,0.0,0.0964566984815642,False
french,-0.0,0.0,False
frequent,0.0,0.07606334093109486,False
frequently,-0.11661350400491369,0.09921625780933896,True
fresh,0.0,0.0,False
fried,-0.0,0.0,False
friendly,-0.0,0.024302273133134607,False
frivolous,0.0,0.0,False
frolic,-0.0,0.0,False
fruitless,-0.0,0.0,False
fuller,0.0,0.0,False
fully,-0.0,0.0,False
funny,0.028182215695131095,0.08231680996557565,False
furthermore,-0.0,0.0,False
fussy,-0.0,0.0,False
future,0.0,0.07693018846444356,False
fuzzy,-0.0,0.0,False
gallant,-0.0,0.0,False
gary,-0.0,0.0,False
gay,-0.0,0.0,False
gayest,-0.0,0.0,False
general,-0.12714080579288603,0.09343545301577248,True
generally,-0.014173146220316032,0.09370328050556845,False
generous,0.1671797915060089,0.09964217733312632,True
generously,-0.0,0.0,False
genial,-0.0,0.0,False
gentle,-0.05882799704700695,0.0939964724804184,False
gentlemanly,-0.0,0.0,False
gentler,-0.0,0.0,False
genuine,-0.0,0.0,False
german,-0.0,0.0,False
gest,-0.0,0.0,False
ghostly,0.0,0.0,False
giddy,0.0,0.0,False
gifted,-0.0,0.0,False
gilly,0.0,0.0,False
girlish,-0.0,0.0,False
giveth,0.0,0.0,False
glad,-0.0,0.09778971537721441,False
gladdest,0.0,0.0,False
gladly,0.0,0.0,False
gladsome,-0.0,0.0,False
glorious,0.0,0.0,False
gloriously,-0.0,0.0,False
gold,-0.0,0.0,False
golden,-0.0,0.0,False
good,-0.03045491415902831,0.040266458768372426,False
goodly,-0.0,0.0,False
graceful,0.0,0.0,False
gracefully,0.0,0.0,False
gradual,-0.0,0.0,False
grammatical,-0.0,0.0,False
grand,-0.0,0.0,False
gratefully,-0.0,0.0,False
gratifying,-0.0,0.0,False
grave,-0.0,0.0,False
gray,-0.0,0.07223683880906617,False
greasy,-0.0,0.0,False
great,-0.10953470211524373,0.06688917596086366,True
greater,-0.0,0.08529873460189298,False
greatest,-0.027430785459442466,0.09416405559052086,False
greatly,-0.0,0.0,False
greek,-0.0,0.0,False
green,-0.0,0.05282373491943944,False
greene,-0.0,0.0,False
gretchen,-0.0,0.0,False
grey,-0.0,0.0,False
grim,0.0,0.0,False
grosser,-0.0,0.0,False
grouchy,0.0,0.0,False
grown,-0.0,0.0,False
gruff,-0.0,0.0,False
guardian,-0.0,0.0,False
guilty,-0.0,0.0,False
gus,-0.0,0.0,False
gym,-0.0,0.0,False
habitually,0.0,0.0,False
haired,-0.0,0.08157357355405584,False
hale,-0.0,0.0,False
half,0.0,0.08276132668537382,False
halfway,-0.0,0.0,False
handicapped,-0.0,0.0,False
handsome,-0.0,0.05168040562438775,False
handy,-0.0,0.0,False
happier,0.0,0.0,False
happiest,-0.0,0.0,False
happily,-0.0,0.0,False
happy,0.0,0.08986877569668458,False
hard,-0.0,0.06118048038649758,False
harder,-0.0,0.0,False
hardest,0.0,0.0,False
hardly,-0.0,0.059436039565016634,False
hardworking,0.0,0.0,False
hardy,-0.0,0.0,False
harmless,-0.0,0.0,False
harriet,0.0,0.0,False
harsh,-0.0,0.0,False
hasty,-0.0,0.0,False
hazel,0.0,0.0,False
hazy,-0.0,0.0,False
headed,-0.0,0.0,False
heady,-0.0,0.0,False
healthful,-0.0,0.0,False
healthy,-0.0,0.0,False
hearted,-0.10001810808064514,0.0908479325603713,True
heartedly,-0.0,0.0,False
heartily,-0.0,0.052757854017883486,False
hearty,0.0,0.0009838881487890213,False
heated,-0.0,0.0,False
heathen,-0.0,0.0,False
heaviest,-0.0,0.0,False
heavy,-0.0,0.08489851495401952,False
heavyweight,-0.0,0.0,False
helpful,-0.0,0.0,False
hic,-0.0,0.0,False
hid,-0.0,0.0,False
high,-0.0,0.07977015886564459,False
higher,-0.0,0.0,False
highest,-0.00033003342376343404,0.0849234916863867,False
highly,0.0,0.0,False
histrionic,-0.0,0.0,False
hive,0.0,0.0,False
holly,0.0,0.0,False
holm,0.0,0.0,False
holy,0.0,0.0,False
home,-0.0,0.09979919016293035,False
honest,-0.0,0.09382772423651113,False
honestly,-0.0,0.0,False
honorary,-0.0,0.0,False
honored,-0.0,0.0,False
hopeless,-0.0,0.0,False
horizontal,-0.0,0.0,False
horrid,-0.0,0.0,False
horridest,-0.0,0.0,False
hoss,-0.0,0.0,False
hot,-0.0,0.0918553176387847,False
houseful,0.0,0.0,False
huffy,-0.0,0.0,False
huge,-0.0,0.0,False
hugh,0.0,0.0,False
human,-0.0,0.0,False
humble,0.0,0.0,False
humorous,-0.0,0.0,False
hung,-0.0,0.0,False
hungry,-0.0,0.0,False
hupmobile,0.0,0.0,False
hurly,-0.0,0.0,False
husky,0.0,0.08734007856791982,False
hustle,-0.0,0.0,False
hustling,-0.0,0.0,False
hutchinson,-0.0,0.0,False
i.s.c,-0.0,0.07568100579837823,False
ideal,-0.0,0.0,False
idle,0.0,0.0,False
idleness,-0.0,0.0,False
ill,-0.0,0.0,False
illustrious,-0.0,0.0,False
immediately,0.0,0.0,False
immovable,-0.0,0.0,False
impartial,0.0,0.0,False
impartially,-0.0,0.0,False
imperturbable,-0.0,0.0,False
important,-0.0,0.0,False
impossible,0.1387758400316539,0.0,True
impressive,-0.0,0.0,False
improved,-0.0,0.0,False
impulsive,0.0,0.0,False
inadequate,-0.0,0.0,False
inadvertently,-0.0,0.0,False
incessant,0.0,0.0,False
incidentally,-0.0,0.0,False
inclined,-0.041237381293673825,0.09903035860743295,False
incomplete,-0.0,0.0,False
inconsistent,0.0,0.0,False
independent,-0.07805867625672713,0.022598315186672303,True
indicative,-0.0,0.0,False
indifferent,-0.0,0.0,False
indirectly,-0.0,0.0,False
indispensable,0.036723673062603046,0.0,True
individual,-0.0,0.0,False
industrial,-0.0,0.0,False
industrious,-0.0,0.09856173201353212,False
inexhaustible,0.0,0.0,False
inexperienced,-0.0,0.0,False
infeasible,-0.0,0.0,False
infectious,-0.0,0.0,False
inferior,0.0,0.0,False
infinite,-0.0,0.0,False
informal,-0.0,0.0,False
ingenious,-0.0,0.0,False
inherent,-0.0,0.0,False
initial,-0.0,0.0,False
innocent,-0.0,0.05348857881911186,False
innumerable,-0.0,0.0,False
inoffensive,0.0,0.0,False
insatiable,-0.0,0.0,False
inscrutable,0.0,0.0,False
instead,-0.0,0.0,False
instrumental,-0.0,0.0,False
intelligent,-0.0,0.0,False
intentionally,0.0,0.0,False
intercollegiate,-0.0,0.0,False
interested,0.02465570029639019,0.09983164359289942,False
interestedness,-0.0,0.0,False
interesting,-0.0,0.07856121616138255,False
interminable,-0.0,0.0,False
interminably,-0.0,0.0,False
intermittent,0.0,0.0,False
international,-0.0,0.0,False
interurban,-0.0,0.0,False
intimate,-0.0,0.0,False
intimately,-0.0,0.0,False
invaluable,-0.0,0.0,False
inverse,0.0,0.0,False
inversely,-0.0,0.0,False
inveterate,-0.0,0.0,False
invisible,-0.0,0.0,False
involved,-0.0,0.0,False
iowa,0.0,0.0,False
irish,-0.0,0.09286160687580348,False
irregular,-0.0,0.0,False
irresistible,-0.0,0.0,False
ish,0.0,0.0,False
iveness,-0.0,0.0,False
ix,-0.0,0.0,False
jangling,-0.0,0.0,False
japanese,-0.0,0.0,False
jenny,-0.0,0.0,False
jimmy,-0.0,0.0,False
jocko,-0.0,0.0,False
johnny,-0.0,0.0,False
joint,-0.0,0.0,False
jointed,-0.0,0.0,False
jollier,-0.0,0.0,False
jolliest,-0.0,0.0,False
jolly,-0.010802731218013582,0.08665941355714189,False
jovial,-0.0914904277416228,0.08035641910742004,True
joyous,-0.0,0.0,False
juicy,0.0,0.0,False
junior,-0.042993713680829826,0.0889464447849909,False
just,-0.09962358431458808,0.06875156192947228,True
kate,-0.0,0.0,False
keen,0.0,0.0816705787083701,False
kent,-0.0,0.0,False
kid,-0.0,0.0,False
killy,0.0,0.0,False
kind,0.0,0.0,False
kindest,-0.0,0.0,False
kindly,-0.0,0.0,False
kinetic,-0.0,0.0,False
kingly,-0.0,0.0,False
knickerbocker,0.0,0.0,False
knowest,-0.0,0.0,False
kronic,-0.0,0.0,False
laden,-0.0,0.0,False
lanky,-0.0,0.0,False
large,-0.01373375492727676,0.09686478012851674,False
largely,-0.0,0.026155493019498256,False
larger,-0.0,0.0,False
largest,-0.0,0.0,False
lascivious,-0.0,0.0,False
lasting,-0.0,0.0,False
late,-0.057772419753840794,0.09443380158469061,False
lately,-0.0,0.05115013253294524,False
latent,-0.0,0.0,False
later,0.0,0.0,False
latest,-0.015326369696597664,0.02720821538208982,False
laundry,0.0,0.0,False
lavish,0.0,0.0,False
lavishly,-0.0,0.0,False
lawless,-0.0,0.0,False
lazy,-0.018914917586451935,0.05461429772601919,False
leakable,-0.0,0.0,False
lean,0.0,0.05302069021073641,False
left,-0.0,0.0,False
legendary,-0.0,0.0,False
legible,-0.0,0.0,False
lemen,0.0,0.0,False
lemon(y)ell,-0.0,0.0,False
lengthy,-0.0,0.0,False
lenient,-0.0,0.0,False
leon,0.0,0.0,False
lesser,0.0,0.0,False
liable,-0.0,0.0,False
liberal,0.0,0.0,False
light,-0.0,0.09094048064523318,False
lightly,-0.0,0.0,False
lightweight,0.0,0.0,False
likable,0.0,0.07536595472507503,False
like,-0.0,0.0,False
likeable,0.0,0.0,False
likewise,-0.0,0.0,False
linear,-0.0,0.0,False
lippy,-0.0,0.0,False
literally,-0.0,0.0,False
literary,-0.0,0.09722420355878224,False
little,-0.08773857541490669,0.06234905417262944,True
live,0.0,0.08257690025148595,False
livelier,-0.0,0.0,False
lively,-0.0,0.09732355168778004,False
livest,-0.0,0.0,False
local,-0.0,0.0,False
lofty,-0.0,0.0,False
lois,0.0,0.0,False
lolling,-0.0,0.0,False
lonely,0.0,0.0,False
lonesome,-0.0,0.0,False
long,-0.05449580739208716,0.07473025334481033,False
longer,-0.0,0.0,False
longest,-0.0,0.0,False
longy,-0.0,0.0,False
looking,0.0,0.0,False
loose,-0.0,0.0,False
loquacious,-0.0,0.0,False
loud,0.0,0.07179803299116116,False
louder,0.0,0.0,False
lovable,0.041087045576080526,0.0,True
lovely,0.0,0.0,False
low,-0.047267517125099,0.07657532737895269,False
lower,-0.0,0.0,False
lowliest,-0.0,0.0,False
loyal,-0.0021379162588398017,0.08513471739369977,False
lucile,-0.0,0.0,False
lucky,0.0,0.05362673861785107,False
luminous,-0.0,0.0,False
luminously,-0.0,0.0,False
lurid,-0.0,0.0,False
luscious,0.0,0.0,False
lusty,-0.0,0.0,False
lute,-0.0,0.0,False
mad,0.0,0.05578861847264458,False
magnificent,-0.0,0.0,False
main,-0.0,0.0,False
major,-0.0,0.0,False
manifest,0.0,0.0,False
manliest,-0.0,0.0,False
manly,-0.0,0.0,False
mannered,-0.0,0.0,False
marked,-0.0,0.0,False
married,0.0,0.0,False
martial,0.0,0.0,False
mary,0.0,0.0,False
masculine,-0.0,0.0,False
masonic,-0.0,0.0,False
mass,-0.0,0.0,False
massive,0.0,0.0,False
mathematical,-0.0,0.0,False
matrimonial,-0.0,0.0,False
matter,-0.0,0.0,False
mature,-0.0,0.0,False
maximum,-0.0,0.0,False
mean,-0.04181379996023003,0.023954225566485302,True
meantime,-0.0,0.0,False
mechanic,-0.0,0.0,False
mechanical,-0.0,0.08753903060815753,False
meddlesome,-0.0,0.0,False
medium,-0.0,0.0,False
meerschaum,-0.0,0.0,False
melancholy,-0.0,0.0,False
mellow,-0.0,0.0,False
mental,-0.0,0.025532890139195304,False
mere,-0.0,0.0,False
merely,0.0,0.0,False
merrier,-0.0,0.0,False
merry,-0.0,0.0778136836925009,False
methodical,-0.0,0.0,False
methodist,-0.0,0.0,False
metropolitan,-0.0,0.0,False
middle,0.0,0.0,False
mightier,0.0,0.0,False
mightily,-0.0,0.0,False
mighty,-0.06935718939314232,0.09455409128603585,False
mild,-0.0,0.0,False
mildest,-0.0,0.0,False
mildy,0.0,0.0,False
military,-0.0,0.0,False
milly,-0.0,0.0,False
min,-0.0,0.0,False
minded,0.0,0.07051755517927125,False
minimum,-0.0,0.0,False
minor,0.0,0.0,False
minus,-0.0,0.0,False
mischievous,-0.0,0.0,False
miss,0.0,0.0,False
mixed,0.0,0.0,False
mock,0.0,0.0,False
moderate,0.0,0.0,False
modern,0.0,0.0,False
modest,-0.037942604366021176,0.09360168296971413,False
modestly,-0.0,0.0,False
molly,0.0,0.0,False
momentous,-0.0,0.0,False
monk,-0.0,0.0,False
monstrous,-0.0,0.0,False
monty,-0.0,0.0,False
moody,-0.0,0.0,False
moral,-0.0,0.0,False
morningside,0.0,0.0,False
mover,-0.0,0.0,False
mule,-0.0,0.0,False
multitudinous,0.0,0.0,False
musical,-0.0,0.0,False
musically,0.0,0.0,False
musty,0.0,0.0,False
mutual,-0.0,0.0,False
mysterious,-0.0,0.0,False
n.,-0.0,0.0,False
naebody,-0.0,0.0,False
narrow,-0.0,0.0,False
narrowly,0.0,0.0,False
nasty,-0.0,0.0,False
national,-0.0,0.0,False
native,0.0,0.0,False
natural,0.0,0.07948317367625432,False
naturally,-0.0,0.08339641443277136,False
natured,-0.10710709613734556,0.09419987459877266,True
naught,-0.0,0.0,False
near,-0.0,0.0,False
nearby,-0.0,0.0,False
nearer,0.0,0.0,False
nearest,-0.0,0.0,False
nearly,0.0,0.02993078858227808,False
neat,-0.0,0.0,False
nebular,-0.0,0.0,False
necessarily,-0.0,0.0,False
necessary,0.023597707099467846,0.07289772189036713,False
needless,-0.0,0.0,False
needy,-0.0,0.0,False
neese,-0.0,0.0,False
negative,-0.0,0.0,False
negro,-0.0,0.0,False
nervous,-0.0,0.0,False
nervy,-0.0,0.0,False
nesting,-0.0,0.0,False
neutral,-0.0,0.0,False
new,-0.0,0.09294116873581253,False
nice,0.12728037222280988,0.07614462972688298,True
nicely,-0.0,0.0,False
nicest,-0.0,0.0,False
nighest,-0.0,0.0,False
nightly,-0.0,0.0,False
nimbly,-0.0,0.0,False
noble,0.0,0.07814729356307452,False
noblest,0.0,0.0,False
nobly,-0.0,0.0,False
noisy,-0.0,0.07715380254671789,False
nomenclatural,-0.0,0.0,False
non,-0.0,0.0,False
normal,-0.0,0.0651887779529934,False
normally,-0.0,0.0,False
north,-0.0,0.0,False
northern,0.0,0.0,False
northwestern,-0.0,0.0,False
notable,-0.0,0.0,False
noted,-0.0,0.0,False
notorious,0.0,0.0,False
numerous,-0.0,0.0,False
o'er,-0.0,0.0,False
obtainable,-0.0,0.0,False
obvious,-0.0,0.0,False
occasional,-0.0,0.0,False
occasionally,0.0,0.09911582578153967,False
odd,-0.0,0.0,False
odious,-0.0,0.0,False
odorless,0.0,0.0,False
offensive,0.0,0.0,False
official,0.08821748932827264,0.07486006931978903,True
officious,0.0,0.0,False
oft,-0.0,0.0,False
okay,-0.0,0.0,False
okey,-0.0,0.0,False
old,-0.0818961496416134,0.08569359692683448,False
olden,-0.0,0.0,False
older,-0.0,0.0,False
oldest,-0.0,0.0,False
ole,-0.0,0.0,False
on't,-0.0,0.0,False
oncoming,-0.0,0.0,False
open,-0.0,0.03135729899512182,False
opie,-0.0,0.0,False
"opinions?""—i",-0.0,0.0,False
opposite,-0.0,0.0,False
optimistic,-0.0,0.0,False
optimum,-0.0,0.0,False
oratorical,-0.0,0.0,False
ordinary,-0.0,0.07774284316745522,False
organic,-0.0,0.02720638137750562,False
original,-0.06743620777918832,0.0830899972518865,False
orneriest,-0.0,0.0,False
ornery,0.0,0.0,False
ossified,-0.0,0.0,False
ous,0.0,0.0,False
outdoors,-0.0,0.0,False
outside,-0.0,0.07682777670622036,False
outspoken,-0.0,0.0,False
outstanding,0.0,0.0,False
outward,-0.0,0.0,False
outwardly,0.0,0.0,False
overall,-0.0,0.0,False
overdue,-0.0,0.0,False
overgrown,-0.0,0.0,False
overhead,-0.0,0.0,False
overly,-0.0,0.0,False
overspread,-0.0,0.0,False
p,-0.0,0.0,False
painfully,-0.0,0.0,False
painstaking,-0.0,0.0,False
palpable,-0.0,0.0,False
paregorically,-0.0,0.0,False
partial,-0.0,0.07007461709044126,False
partially,-0.0,0.0,False
particular,0.0,0.08108819909350434,False
particularly,-0.0,0.06616109499547249,False
passionate,0.0,0.0,False
passive,-0.0,0.0,False
past,-0.0,0.004402835498887266,False
pathetic,-0.0,0.0,False
pathless,0.0,0.0,False
patient,-0.0,0.0,False
paxon,0.0,0.0,False
peaceable,0.0,0.0,False
peaceful,0.0,0.0,False
peacefully,0.0,0.0,False
peculiar,-0.0,0.0,False
peculiarly,-0.0,0.0,False
pedal,-0.0,0.0,False
peggy,-0.0,0.0,False
penitentiary,-0.0,0.0,False
pensive,-0.0,0.0,False
peppiest,0.0,0.0,False
peppy,0.0,0.0,False
perennial,0.0,0.0,False
perfect,0.0,0.07859956375572705,False
perfectly,-0.0,0.09502996757479967,False
periodical,-0.0,0.0,False
permanent,-0.0,0.0,False
perpetual,-0.0,0.0,False
perpetually,-0.0,0.0,False
perplexing,-0.0,0.0,False
perry,-0.0,0.0,False
persistent,-0.0,0.0,False
personal,-0.0,0.0,False
personally,0.0,0.0,False
persuasive,-0.0,0.0,False
pet,-0.0,0.05511347050620699,False
pete,-0.0,0.0,False
petrified,-0.0,0.0,False
phenomenal,-0.0,0.0,False
phi,-0.0,0.0,False
philomathean,-0.0,0.0,False
philosophical,-0.0,0.0,False
phin,-0.0,0.0,False
phlegmatic,-0.0,0.0,False
physical,-0.0,0.0,False
physically,-0.0,0.0,False
phyz,-0.0,0.0,False
picturesque,-0.0,0.0,False
pink,0.0,0.0,False
pinky,0.0,0.0,False
pious,-0.0,0.0,False
piper,-0.0,0.0,False
placid,0.0,0.0,False
plain,0.0,0.0,False
plausible,-0.0,0.0,False
play,-0.0,0.0,False
playful,-0.0,0.0,False
pleasant,-0.05416932936054259,0.09352122563558779,False
pleasing,-0.036153066193904765,0.026139754942512115,True
plentifully,-0.0,0.0,False
plucky,0.0,0.0,False
podunk,-0.0,0.0,False
poetic,-0.0,0.0,False
poetical,-0.0,0.0,False
poignant,-0.0,0.0,False
poised,-0.0,0.0,False
poisonous,-0.0,0.0,False
polished,-0.0,0.0,False
polite,-0.0,0.0,False
political,-0.0,0.0,False
polk,-0.0,0.0,False
polly,-0.0,0.0,False
poor,-0.0,0.022073179646369817,False
popular,-0.10360380356831368,0.10062631810612759,True
porcupine,-0.0,0.0,False
positive,-0.0,0.0,False
positively,-0.0,0.0,False
possible,0.0,0.0032720370782580643,False
possibly,-0.0,0.0,False
possum,-0.0,0.0,False
postal,-0.0,0.0,False
potential,-0.0,0.0,False
powerful,0.0,0.0,False
powerfully,-0.0,0.0,False
practical,-0.011395678324737537,0.08610030977851248,False
prairie,0.0,0.0,False
preacher,-0.0,0.0,False
precinct,-0.0,0.0,False
precious,-0.0,0.0,False
precise,-0.0,0.0,False
precocious,-0.0,0.0,False
preeminently,-0.0,0.0,False
prep,-0.007626957490109514,0.09494310058715306,False
prepared,-0.0,0.0,False
presbyterian,0.0,0.0,False
present,0.0,0.02359913141480314,False
presumably,-0.0,0.0,False
prettier,-0.0,0.0,False
pretty,-0.15848056619604692,0.09102775936012905,True
previous,-0.0,0.0,False
prexy,0.0,0.0,False
prim,0.0,0.0,False
prime,-0.0,0.0,False
princess,-0.0,0.0,False
principal,0.0,0.0,False
principally,-0.0,0.0,False
private,-0.0,0.0,False
privileged,0.0,0.0,False
probably,-0.1661571335639881,0.09600085733997633,True
professional,-0.0,0.0,False
proficient,0.0,0.0,False
profitably,-0.0,0.0,False
profound,-0.0,0.0,False
profoundly,0.0,0.0,False
profusely,-0.0,0.0,False
progressive,-0.0,0.0,False
progressively,-0.0,0.0,False
prominent,-0.0,0.0,False
prominently,-0.0,0.0,False
promiscuous,0.0,0.0,False
promiscuously,-0.0,0.0,False
promising,-0.0,0.0,False
prompt,0.0,0.0,False
prone,-0.0,0.0,False
pronounced,-0.0,0.0,False
proof,-0.0,0.0,False
proper,-0.0,0.0,False
properly,-0.0,0.0,False
proportional,0.0,0.0,False
prosaic,-0.0,0.0,False
prosperous,-0.0,0.0,False
proud,-0.036094689461457774,0.0907755618395352,False
psychic,-0.0,0.0,False
public,-0.0,0.09245543757298016,False
pull,0.0,0.0,False
pullman,0.0,0.0,False
pungent,-0.0,0.0,False
purdue,0.0,0.0,False
pure,-0.0,0.0,False
purest,-0.0,0.0,False
purposeful,-0.0,0.0,False
qualified,-0.0,0.0,False
quantitative,-0.0,0.0,False
queenly,0.0,0.0,False
queer,0.0,0.0,False
quick,-0.0,0.0622662903358777,False
quickly,-0.0,0.0,False
quiet,-0.023390750810409193,0.05938456956419619,False
quietest,0.0,0.0,False
quite,-0.02089814952402214,0.09136553257851711,False
radical,-0.0,0.0,False
rainy,-0.0,0.0,False
rapid,0.0,0.0,False
rapidly,0.0,0.0,False
rare,0.05801869134269889,0.08014622285366439,False
rarely,0.0,0.0,False
rascal,-0.0,0.0,False
readable,0.0,0.0,False
readily,-0.0,0.0,False
ready,-0.031623988561839934,0.09400598221498577,False
real,0.00990158608026824,0.09593150341636314,False
really,-0.03853149650313058,0.09345154555369732,False
reasonable,-0.0,0.0,False
rebellious,-0.0,0.0,False
recent,-0.0,0.0,False
recently,-0.027081548617913464,0.0599710998775597,False
reckless,-0.0,0.0,False
red,0.0,0.09732990611501607,False
regardless,0.0,0.0,False
regular,-0.0,0.09453921164209415,False
regularly,-0.0,0.026804663167478503,False
reliable,-0.0,0.05344254256779343,False
reliant,-0.0,0.0,False
religious,-0.0,0.0,False
remarkable,-0.0,0.026791020507155244,False
reminiscent,-0.0,0.0,False
renowned,0.0,0.0,False
replete,-0.0,0.0,False
representative,-0.0,0.0,False
reserved,-0.01840591266294775,0.09144936041301312,False
resolute,-0.0,0.0,False
resourceful,-0.0,0.0,False
respective,-0.0,0.0,False
responsible,-0.0,0.0,False
rest,0.0,0.0,False
reticent,-0.0,0.0,False
retiring,-0.0,0.0,False
revised,-0.0,0.0,False
rich,-0.0,0.0,False
richest,-0.0,0.0,False
ridiculous,-0.0,0.0,False
right,-0.05823441424389838,0.08387584710252105,False
rightly,-0.0,0.0,False
rigid,-0.0,0.0,False
riotous,-0.0,0.0,False
ripe,0.0,0.0,False
robust,-0.0,0.0,False
rolling,0.0,0.0,False
rosy,-0.0,0.0,False
rough,-0.06033774412400309,0.09864529641454482,False
round,-0.0,0.05276942934289849,False
royal,-0.0,0.0,False
royally,-0.0,0.0,False
rudely,-0.0,0.0,False
rugged,-0.0,0.0,False
rusty,0.0,0.0,False
s.a.e,0.0,0.0,False
sad,-0.0,0.07417470931121785,False
sadder,-0.0,0.0,False
safe,0.0,0.0,False
sane,0.0,0.0,False
sarcastic,-0.0,0.0,False
satanic,-0.0,0.0,False
satisfied,0.0,0.06585793764711036,False
scandalous,-0.0,0.0,False
scarce,0.0,0.0,False
scarcely,0.0,0.0,False
scarred,-0.0,0.0,False
scenic,-0.0,0.0,False
scholarly,0.0,0.0,False
scientific,-0.0,0.0019703022401212763,False
scottish,-0.0,0.0,False
scotty,0.0,0.0,False
scrappy,-0.0,0.0,False
scrawny,0.0,0.0,False
second,-0.023662526917001606,0.0977963769659308,False
securable,0.0,0.0,False
sedate,0.0,0.0,False
seest,0.0,0.0,False
seldom,-0.019677152835341216,0.09450778782185294,False
select,-0.0,0.0,False
semi,0.0,0.0,False
seminary,-0.0,0.0,False
senior,-0.0,0.0,False
sensational,-0.0,0.0,False
sensible,0.0,0.0,False
sensitive,0.0,0.0,False
sentimental,-0.0,0.0,False
serene,-0.0,0.0,False
serenely,-0.0,0.0,False
seriously,0.05504511465692335,0.093064033149488,False
set,-0.0,0.0,False
seventh,-0.0,0.0,False
severe,-0.0,0.0,False
severely,-0.0,0.0,False
seymour,-0.0,0.0,False
shady,-0.0,0.0,False
sharp,-0.0,0.0,False
sheep,-0.0,0.0,False
sheer,-0.0,0.0,False
shelly,-0.0,0.0,False
shockingly,0.0,0.0,False
sholy,0.0,0.0,False
short,-0.09198824051468757,0.0908080498436997,True
shorter,-0.0,0.0,False
shovel,-0.0,0.0,False
showest,-0.0,0.0,False
shy,-0.0,0.0,False
sick,0.0,0.0,False
sideways,-0.0,0.0,False
sifting,0.0,0.0,False
significant,-0.0,0.0,False
silent,-0.0,0.053211740598802675,False
silver,0.0,0.0,False
simple,-0.0,0.02884461389759018,False
simplest,0.0,0.0,False
simply,0.0,0.0,False
single,0.0,0.07554414675504131,False
singularly,-0.0,0.0,False
sioux,0.0,0.0,False
sized,-0.0,0.0,False
skeeter,0.0,0.0,False
skilled,-0.0,0.0,False
skillful,-0.0,0.0,False
skinny,-0.0,0.0,False
skippy,-0.0,0.0,False
skittish,-0.0,0.0,False
sleek,0.0,0.0,False
sleepy,0.0,0.0,False
slender,-0.0,0.0,False
slightly,-0.0,0.0,False
slim,0.0,0.0,False
slip,-0.0,0.0,False
slow,-0.0,0.09598170189814634,False
slowly,-0.0,0.0,False
small,-0.049022493437775684,0.08912025707852377,False
smaller,0.0,0.0,False
smallest,0.0,0.0,False
smart,-0.0,0.0,False
smiley,-0.0,0.0,False
smilingly,-0.0,0.0,False
smokeless,0.0,0.0,False
smoky,-0.0,0.0,False
smooth,-0.0,0.07431742134608436,False
smoothest,-0.0,0.0,False
smoothly,-0.0,0.0,False
snakey,-0.0,0.0,False
snappy,-0.0,0.0,False
sober,-0.0,0.0,False
sociable,-0.044206462230870984,0.07786151938356492,False
social,-0.09170811899837104,0.09344589498921259,False
socially,-0.0,0.0,False
soft,-0.0,0.0,False
softest,0.0,0.0,False
soggy,-0.0,0.0,False
sole,-0.0,0.0,False
solemn,-0.0,0.0,False
solicitous,-0.0,0.0,False
solid,-0.0,0.0,False
someday,-0.0,0.0014175176820667703,False
somewhat,-0.0,0.06013378004082472,False
sonorous,-0.0,0.0,False
soon,-0.0,0.10226712521601566,False
sooner,0.0,0.0,False
soonest,0.0,0.0,False
soothing,-0.0,0.0,False
sore,-0.0,0.0,False
sorrowful,0.0,0.0,False
sorry,0.0,0.0,False
souled,-0.0,0.0,False
soulful,-0.0,0.0,False
sound,-0.0,0.0,False
soundly,0.0,0.0,False
sour,-0.0,0.0,False
south,-0.0,0.098246937441008,False
southern,0.0,0.0,False
southwestern,-0.0,0.0,False
spanish,-0.0,0.0,False
spare,0.0,0.05982736195060251,False
sparkling,-0.0,0.0,False
spearing,-0.0,0.0,False
special,0.0,0.09236332668895028,False
specialized,-0.0,0.0,False
specific,-0.0,0.0,False
speckled,-0.0,0.0,False
spectacular,-0.0,0.0,False
speedy,0.0,0.0,False
spike,-0.0,0.0,False
splendid,-0.06205281347534179,0.023784584143744784,True
spotless,-0.0,0.0,False
sprightly,-0.0,0.0,False
spunk,0.0,0.0,False
square,-0.0,0.0,False
stale,0.0,0.0,False
stanch,0.0,0.0,False
standard,-0.0,0.0,False
standing,-0.0,0.0,False
stanty,-0.0,0.0,False
startling,-0.0,0.0,False
stately,-0.0,0.0,False
stationary,-0.0,0.0,False
staunch,0.0,0.0,False
steadfast,0.0,0.0,False
steadily,0.0,0.0,False
steady,-0.06265103353466313,0.0940645621923758,False
stellar,-0.0,0.0,False
stereo,-0.0,0.0,False
sterling,-0.0,0.0,False
stern,0.0,0.0,False
sternest,0.0,0.0,False
stew,-0.0,0.0,False
stiff,0.0,0.0,False
stingy,0.0,0.0,False
stocky,-0.0,0.0,False
stolid,-0.0,0.0,False
stolidly,-0.0,0.0,False
stout,-0.0,0.0,False
straight,0.0,0.0,False
straightforward,0.0,0.0,False
strait,-0.0,0.0,False
strange,-0.0,0.0,False
stray,-0.0,0.0,False
strenuous,-0.0,0.07408327595006435,False
strictly,-0.0,0.0025912622237175336,False
striking,0.0,0.0,False
strong,0.0,0.09031692719392705,False
stronger,-0.0,0.0,False
strongest,-0.0,0.0,False
strongly,0.0,0.0026264015071055646,False
stubborn,-0.0,0.0,False
studious,-0.0,0.09823328294201948,False
studiously,-0.0,0.0,False
stupid,-0.0,0.0,False
sturdy,-0.0,0.0,False
subject,-0.0,0.0,False
substantial,-0.0,0.0,False
subtle,-0.0,0.0,False
successful,-0.0,0.06405589761091797,False
successfully,-0.0,0.0,False
suddenly,-0.0,0.0,False
sufficient,0.0,0.0,False
sufficiently,-0.0,0.0,False
suitable,-0.0,0.0,False
sully,0.0,0.0,False
sunny,-0.0,0.06440488805694852,False
sunshiny,-0.0,0.0,False
super,-0.0,0.0,False
superheated,-0.0,0.0,False
superior,0.0,0.0,False
supreme,0.0,0.0,False
sure,-0.11424007368362044,0.09209204063355095,True
surely,-0.08745247523983295,0.08410724191933151,True
surplus,-0.0,0.0,False
surprised,-0.0,0.0,False
surprising,-0.0,0.0,False
surprisingly,-0.0,0.0,False
suspicious,0.0,0.0,False
suspiciously,-0.0,0.0,False
swamp,0.0,0.0,False
swedish,-0.0,0.0,False
sweet,-0.0,0.09894000193193603,False
sweetness,-0.0,0.0,False
swift,0.0,0.0,False
swifter,-0.0,0.0,False
sympathetic,-0.0,0.0,False
talented,-0.0,0.0,False
talkative,0.0,0.0,False
talkest,-0.0,0.0,False
talky,-0.0,0.0,False
tall,0.0,0.10080179279985238,False
taller,-0.0,0.0,False
tame,-0.0,0.0,False
tappable,-0.0,0.0,False
tasteful,0.0,0.0,False
ted,0.0,0.0,False
telly,-0.0,0.0,False
temporarily,0.0,0.0,False
tenaciously,-0.0,0.0,False
tender,-0.0,0.0,False
terrible,-0.0,0.0,False
terribly,0.0,0.0,False
testimonial,-0.0,0.0,False
teutonic,-0.0,0.0,False
thatched,-0.0,0.0,False
theoretically,-0.0,0.0,False
thine,-0.0,0.0,False
thorough,-0.0,0.09399051898833274,False
thoroughgoing,0.0,0.0,False
thoroughly,0.0,0.0575942984884145,False
thou,-0.06244449133158562,0.07605079814420587,False
thoughtful,-0.10247812412746593,0.0938636008889969,True
thriving,-0.0,0.0,False
ticklish,-0.0,0.0,False
tidy,-0.0,0.0,False
tight,-0.0,0.0,False
timid,-0.0,0.0,False
tin,-0.0,0.0,False
tiny,0.0,0.0,False
tired,-0.0,0.0,False
toasted,-0.0,0.0,False
tolerably,-0.0,0.0,False
tong,-0.0,0.0,False
totter,-0.0,0.0,False
tragic,-0.0,0.0,False
tried,-0.0,0.0,False
trifle,-0.0,0.0,False
trig,-0.0,0.0,False
trim,-0.0,0.0,False
trot,-0.0,0.0,False
troubled,-0.0,0.0,False
troubling,-0.0,0.0,False
true,-0.0880726335523042,0.086036890198615,True
truer,-0.0,0.0,False
truest,-0.0,0.0,False
truly,-0.0,0.0,False
trustworthy,-0.0,0.0,False
trusty,-0.0,0.0,False
twice,-0.0,0.06939432039558849,False
twin,0.0,0.0,False
typhoid,-0.0,0.0,False
typical,-0.0,0.0,False
ultimate,-0.0,0.0,False
ultra,-0.0,0.0,False
unable,-0.0,0.0006897684013056713,False
unaccountable,-0.0,0.0,False
unadulterated,-0.0,0.0,False
unaffected,0.0,0.0,False
unanalyzed,-0.0,0.0,False
unanimously,0.0,0.0,False
unassailable,-0.0,0.0,False
unassuming,-0.0,0.09782837967891199,False
unavoidable,-0.0,0.0,False
unbounded,0.0,0.0,False
unbroken,-0.0,0.0,False
uncertain,0.0,0.0,False
unclubable,-0.0,0.0,False
uncommon,-0.0,0.0,False
uncommonly,-0.0,0.0,False
unconquerable,0.0,0.0,False
unconsciously,-0.0,0.0,False
uncontrollable,-0.0,0.0,False
undecided,-0.0,0.0,False
underground,-0.0,0.0,False
underneath,0.0,0.0,False
undersize,0.0,0.0,False
undisputed,-0.0,0.0,False
undisturbed,0.0,0.0,False
undone,-0.0,0.0,False
undoubtedly,-0.0,0.0,False
unending,-0.0,0.0,False
unequaled,-0.0,0.0,False
unequalled,-0.0,0.0,False
unexpected,0.0,0.0,False
unfathomable,-0.0,0.0,False
unfruitful,-0.0,0.0,False
uniform,-0.0,0.0,False
uniformly,-0.0,0.0,False
unintentionally,-0.0,0.0,False
unique,-0.0,0.0,False
universal,0.0,0.0,False
universally,-0.0,0.0,False
unknown,-0.0,0.08703676237694292,False
unlimited,-0.0,0.0,False
unlucky,-0.0,0.0,False
unmitigable,-0.0,0.0,False
unnecessary,0.0,0.0,False
unnoticed,-0.0,0.0,False
unnumbered,-0.0,0.0,False
unobtrusive,0.0,0.0,False
unofficial,-0.0,0.0,False
unostentatiously,-0.0,0.0,False
unpleasant,-0.0,0.0,False
unpleasing,-0.0,0.0,False
unprepared,0.0,0.0,False
unpretentious,-0.0,0.0,False
unprofitable,0.0,0.0,False
unpublished,-0.0,0.0,False
unseemly,-0.0,0.0,False
unselfish,0.0,0.0,False
unselfishly,-0.0,0.0,False
unspeakably,-0.0,0.0,False
unsung,-0.0,0.0,False
unsupportable,-0.0,0.0,False
unsuspecting,-0.0,0.0,False
untold,-0.0,0.0,False
unusual,-0.0,0.0,False
unusually,-0.0,0.0,False
unwept,-0.0,0.0,False
unwittingly,-0.0,0.0,False
uplifting,-0.0,0.0,False
upper,0.0,0.0,False
upright,-0.0,0.0,False
upstate,-0.0,0.0,False
upstream,-0.0,0.0,False
upward,-0.0,0.0,False
useful,0.0,0.0,False
useless,-0.0,0.0,False
usher,0.0,0.0,False
usual,-0.0,0.0,False
usually,-0.09851553675372351,0.09168289728673783,True
utmost,0.0,0.0,False
utter,-0.0,0.0,False
vacant,0.0,0.0,False
vain,-0.0,0.0,False
valour,-0.0,0.0,False
valuable,-0.0,0.02562131822050472,False
vanquished,0.0,0.0,False
varied,-0.0,0.0,False
various,-0.0,0.05498189223718602,False
verily,-0.0,0.0009672473649889248,False
veritable,0.0,0.0,False
versa,-0.0,0.0,False
versatile,-0.0,0.0,False
vertical,-0.0,0.0,False
vest,-0.0,0.0,False
veterinary,-0.0,0.0,False
vic,0.0,0.0,False
vicious,-0.0,0.0,False
victorious,0.0,0.0,False
vigorously,-0.0,0.0,False
vile,-0.0,0.0,False
vim,-0.0,0.0,False
violent,-0.0,0.0,False
violet,-0.0,0.0,False
virtuous,-0.0,0.0,False
virtuousest,-0.0,0.0,False
vital,-0.0,0.0,False
vitally,0.0,0.0,False
vivacious,-0.0,0.0,False
vivian,0.0,0.0,False
vivid,-0.0,0.0,False
vocal,-0.0,0.0,False
waite,0.0,0.0,False
wally,-0.0,0.0,False
warlike,-0.0,0.0,False
warm,-0.0,0.0,False
warmer,-0.0,0.0,False
wary,-0.0,0.0,False
wavy,0.0,0.0,False
way,-0.0,0.0,False
weak,0.0,0.0,False
weaker,-0.0,0.0,False
weary,-0.0,0.0,False
wee,-0.0,0.0,False
weekly,-0.0,0.0,False
weighty,0.0,0.0,False
welcome,0.0,0.0,False
west,-0.0,0.026169338358133717,False
western,-0.0,0.0016194312736049696,False
westward,-0.0,0.0,False
wherefore,-0.0,0.0,False
white,-0.0,0.0888555299001816,False
white.-i,-0.0,0.0,False
whitest,-0.0,0.0,False
wholesome,-0.0,0.0,False
wholesomeness,-0.0,0.0,False
wide,-0.0,0.05033455973033087,False
widely,-0.0,0.0,False
widespread,-0.0,0.0,False
wifty,-0.0,0.0,False
wild,-0.0,0.07799256744386256,False
wilful,-0.0,0.0,False
willful,-0.0,0.0,False
"willie""s",-0.0,0.0,False
willing,-0.0,0.09696990599312881,False
willy,-0.0,0.0,False
winsome,-0.0,0.0,False
wireless,-0.0,0.0,False
wise,-0.12839578890475553,0.09176797431362614,True
wisely,0.0,0.0,False
wiser,-0.0,0.0,False
wisest,-0.0,0.0,False
witty,-0.0,0.09181781506269499,False
womanish,-0.0,0.0,False
womanly,0.0,0.0,False
wonderful,-0.0,0.09626028226651977,False
wonderfully,-0.0,0.0,False
woolly,0.0,0.0,False
worldly,-0.0,0.0,False
worried,-0.0,0.0,False
worse,-0.0,0.06715843930799884,False
worst,-0.0,0.02569671687141701,False
worth,0.0,0.09793542452684484,False
worthwhile,-0.0,0.0,False
worthy,0.0,0.0,False
wouldst,-0.0,0.0,False
wrong,-0.0,0.07694412426615287,False
yea,0.0,0.0,False
young,-0.012032170403632251,0.09427558719427641,False
younger,-0.0,0.0,False
youthful,-0.0,0.0,False
yucatan,-0.0,0.0,False
zealous,0.0,0.0,False
zoological,-0.0,0.0,False
